ts,service,endpoint,method,version,status_code,latency_ms,level,error_message,trace_id
2026-09-07T08:00:00,orders-api,/login,POST,v1,200,151,INFO,,d0d48aac0f81fc629723abcd36804550
2026-09-07T08:00:00,orders-api,/login,POST,v1,200,132,INFO,,20332537290fc9895b8742799ee4ceb0
2026-09-07T08:00:00,orders-api,/catalog,GET,v1,200,99,INFO,,51da036b927a1c13c4d228d9f1e1a689
2026-09-07T08:00:01,orders-api,/catalog,GET,v1,200,97,INFO,,9101db36d88e76ceda0635cf951f99f5
2026-09-07T08:00:01,orders-api,/login,POST,v1,200,202,INFO,,c1f099063f6706e2c9fcb1346d9c9cd2
2026-09-07T08:00:01,orders-api,/login,POST,v1,401,232,WARN,invalid credentials,8d62b8351795ff748db9d787358db1fc
2026-09-07T08:00:02,orders-api,/login,POST,v1,200,254,INFO,,65211e3848a4def9b64437b19306d3b4
2026-09-07T08:00:02,orders-api,/checkout,POST,v1,200,186,INFO,,b3f7c04438ed04dcefd33cadf0c4bf0f
2026-09-07T08:00:02,orders-api,/profile,POST,v1,200,188,INFO,,feffab04e510bf012908cc1b7ee8be8f
2026-09-07T08:00:03,orders-api,/login,POST,v1,200,172,INFO,,2c0e15746c5c06be8631a6773ea88f1f
2026-09-07T08:00:03,orders-api,/catalog,GET,v1,200,135,INFO,,f0eba7bcfd8f5826d0bb38cb7169c282
2026-09-07T08:00:03,orders-api,/profile,POST,v1,200,177,INFO,,8294c9c11c82449905fd19625375f722
2026-09-07T08:00:04,orders-api,/checkout,POST,v1,200,219,INFO,,9841f49139d5b75ed47511454c52b3a2
2026-09-07T08:00:04,orders-api,/checkout,POST,v1,200,187,INFO,,324cf6d67f1e5c9aa68f4bddd2e2c831
2026-09-07T08:00:04,orders-api,/checkout,POST,v1,200,232,INFO,,43f480754b7b93d39107a36b254801cb
2026-09-07T08:00:05,orders-api,/checkout,POST,v1,200,215,INFO,,316d6cc6b79c5cad834eb6ca6a1e3cb2
2026-09-07T08:00:05,orders-api,/profile,POST,v1,200,167,INFO,,49d83a330abb57fc5ee7e43d9f1f07ee
2026-09-07T08:00:05,orders-api,/checkout,POST,v1,200,197,INFO,,9d1f05ad79493616c36dde9cb6b34537
2026-09-07T08:00:06,orders-api,/checkout,POST,v1,200,278,INFO,,f60ac9d7b2d52fc6c996a8c1a8ed617c
2026-09-07T08:00:06,orders-api,/catalog,GET,v1,200,155,INFO,,e7334336ee658d379b425c1ca385166d
2026-09-07T08:00:06,orders-api,/login,POST,v1,200,164,INFO,,a946cfe39217dcf864b067511525b965
2026-09-07T08:00:07,orders-api,/checkout,POST,v1,200,330,INFO,,03f2a35bd79f49ea60208079a65a5ea5
2026-09-07T08:00:07,orders-api,/profile,POST,v1,200,172,INFO,,5b6a139c46f69176ca606c1380bf784a
2026-09-07T08:00:07,orders-api,/catalog,GET,v1,200,121,INFO,,9f1ffbcdec9944b1cdd4e6f5b5e0ed85
2026-09-07T08:00:08,orders-api,/checkout,POST,v1,200,265,INFO,,ebf57f5a1380458dc8633b2c988af1f5
2026-09-07T08:00:08,orders-api,/checkout,POST,v1,200,322,INFO,,6082f8a18cb50c3cab9dbc98c9c8ad80
2026-09-07T08:00:08,orders-api,/catalog,GET,v1,200,169,INFO,,41c4e1c557ff125c1563f635302c9732
2026-09-07T08:00:09,orders-api,/catalog,GET,v1,200,84,INFO,,3686d28685b83592f08749f6e47644c6
2026-09-07T08:00:09,orders-api,/checkout,POST,v1,200,304,INFO,,af587696bb0fd92be8b1e8bc730e33e0
2026-09-07T08:00:09,orders-api,/catalog,GET,v1,200,114,INFO,,cb29ce380d685d01a5cf3e026f358890
2026-09-07T08:00:10,orders-api,/profile,POST,v1,200,206,INFO,,db77d8e4feb522e9dd9e9bf602ca723e
2026-09-07T08:00:10,orders-api,/profile,POST,v1,200,179,INFO,,3df18f0771e28177c8d09a8a4b6b8c10
2026-09-07T08:00:10,orders-api,/login,POST,v1,200,209,INFO,,31239fd3c7cd277437825fb182cb555f
2026-09-07T08:00:11,orders-api,/checkout,POST,v1,200,247,INFO,,e6024f2e1618d0501ac5bf6929db8902
2026-09-07T08:00:11,orders-api,/profile,POST,v1,200,128,INFO,,814db3f32d0c96228703d9c3013f836c
2026-09-07T08:00:11,orders-api,/catalog,GET,v1,200,162,INFO,,496d1b0e305b780d360b89a2021ee77f
2026-09-07T08:00:12,orders-api,/profile,POST,v1,200,170,INFO,,9a6de759873cca255c4f70053313b56b
2026-09-07T08:00:12,orders-api,/catalog,GET,v1,200,148,INFO,,b541f4fac99cfafb96701b8704646725
2026-09-07T08:00:12,orders-api,/catalog,GET,v1,200,127,INFO,,f28e8fad3157e57f32b85a699db87524
2026-09-07T08:00:13,orders-api,/checkout,POST,v1,200,173,INFO,,d03e9c606183c2370d932c7500665a5c
2026-09-07T08:00:13,orders-api,/profile,POST,v1,200,191,INFO,,14f242603b778b9487b647a9b2640ab6
2026-09-07T08:00:13,orders-api,/checkout,POST,v1,200,319,INFO,,c90b196ea33ce25d3b859224d34e4429
2026-09-07T08:00:14,orders-api,/profile,POST,v1,200,153,INFO,,9fa619edbf98cd07c4d819c1ef43b172
2026-09-07T08:00:14,orders-api,/checkout,POST,v1,200,300,INFO,,05d0a2238818fe8cdf89029fb90b9a63
2026-09-07T08:00:14,orders-api,/checkout,POST,v1,200,263,INFO,,bc0ccf7b8a72c6d91680b0585e541f63
2026-09-07T08:00:15,orders-api,/checkout,POST,v1,200,241,INFO,,2f669a8c29d467a52d10996d2f65f548
2026-09-07T08:00:15,orders-api,/checkout,POST,v1,200,294,INFO,,4e8be8b8728560f2686de0c8b8c2f38a
2026-09-07T08:00:15,orders-api,/checkout,POST,v1,200,339,INFO,,b04896042a9921cf0d3efa9a6f1eaa5f
2026-09-07T08:00:16,orders-api,/login,POST,v1,200,136,INFO,,b9cfcdbd876e8f3c947a73beb59e58bc
2026-09-07T08:00:16,orders-api,/checkout,POST,v1,200,270,INFO,,96c14b299639d0a305bc8c6a5b509102
2026-09-07T08:00:16,orders-api,/checkout,POST,v1,200,182,INFO,,41390ace053003198b8d3c6316a4d378
2026-09-07T08:00:17,orders-api,/login,POST,v1,200,240,INFO,,7c0e282eb8e5df09f9dd0e616074cfdf
2026-09-07T08:00:17,orders-api,/checkout,POST,v1,200,283,INFO,,ab9c74593cb4b090de2d32b104c04369
2026-09-07T08:00:17,orders-api,/checkout,POST,v1,200,329,INFO,,43d429e9b8e310e00d92abeafa889830
2026-09-07T08:00:18,orders-api,/catalog,GET,v1,200,150,INFO,,898cd5a3b82d59d453bbac5cb15f6611
2026-09-07T08:00:18,orders-api,/login,POST,v1,200,180,INFO,,6fcd8748399edc0b62e60e9c03e3fa27
2026-09-07T08:00:18,orders-api,/catalog,GET,v1,200,145,INFO,,2b12727f0bd2d63280181d3afde39aea
2026-09-07T08:00:19,orders-api,/login,POST,v1,200,176,INFO,,08984187436e875472ced6b95f41b61f
2026-09-07T08:00:19,orders-api,/checkout,POST,v1,200,212,INFO,,79dd30bfad48dce8057871a6bab0aca9
2026-09-07T08:00:19,orders-api,/checkout,POST,v1,200,241,INFO,,eee5e046d42f5a61325c481540aac91a
2026-09-07T08:00:20,orders-api,/checkout,POST,v1,200,326,INFO,,db1c9b4ec056c533b6ea582644e3fac5
2026-09-07T08:00:20,orders-api,/catalog,GET,v1,200,129,INFO,,51e6cca91461dd3579db9e44827d5526
2026-09-07T08:00:20,orders-api,/checkout,POST,v1,200,312,INFO,,09f2c6c80b35d6e68f3804b593e172a2
2026-09-07T08:00:21,orders-api,/profile,POST,v1,200,193,INFO,,48f4ef963d106b2f6ccbce1020dc4f5e
2026-09-07T08:00:21,orders-api,/checkout,POST,v1,200,206,INFO,,8e9343c72bc070b9a717cdad32b48d5b
2026-09-07T08:00:21,orders-api,/catalog,GET,v1,200,114,INFO,,33a7f24ef09515e3e78df3804f92687b
2026-09-07T08:00:22,orders-api,/profile,POST,v1,200,186,INFO,,40b98c1c38e2246a04cbe266a1d6f45c
2026-09-07T08:00:22,orders-api,/catalog,GET,v1,200,166,INFO,,7707efbc3bdcee257998026053b48e59
2026-09-07T08:00:22,orders-api,/profile,POST,v1,200,179,INFO,,f63a4c557a09754a9fc0c4b7a3f4c0c6
2026-09-07T08:00:23,orders-api,/checkout,POST,v1,200,334,INFO,,ae7e222ee15fea0bb46e5e7af793f974
2026-09-07T08:00:23,orders-api,/catalog,GET,v1,200,147,INFO,,a466211e5b302c9ef66d88ae97b975d5
2026-09-07T08:00:23,orders-api,/checkout,POST,v1,200,255,INFO,,8756dc6145efb83aa2aded740263f0ee
2026-09-07T08:00:24,orders-api,/profile,POST,v1,200,205,INFO,,69067a4a219ce3a4af43c9bb9964206c
2026-09-07T08:00:24,orders-api,/checkout,POST,v1,200,271,INFO,,5f64cde55980c198542fbe19400ba2fc
2026-09-07T08:00:24,orders-api,/login,POST,v1,200,244,INFO,,4e7f035ea29196fc3c4eb079e25767ae
2026-09-07T08:00:25,orders-api,/checkout,POST,v1,200,275,INFO,,1a8b5ca544965f31930eb4bf89464c15
2026-09-07T08:00:25,orders-api,/catalog,GET,v1,200,127,INFO,,41fe3ce685e88742aeea81dfe03b37f6
2026-09-07T08:00:25,orders-api,/profile,POST,v1,200,178,INFO,,46356f9646eb310dbcc0c4f0bf7a3852
2026-09-07T08:00:26,orders-api,/checkout,POST,v1,200,284,INFO,,f57745433d6d88c9064fb901407bbe17
2026-09-07T08:00:26,orders-api,/checkout,POST,v1,200,297,INFO,,589376bbcd79790a9162868063dd3fcf
2026-09-07T08:00:26,orders-api,/checkout,POST,v1,200,339,INFO,,36e3b81e3c2ef40996cd26d589e2995f
2026-09-07T08:00:27,orders-api,/profile,POST,v1,200,123,INFO,,12c8d2505375a23f5e13063b05603ae1
2026-09-07T08:00:27,orders-api,/checkout,POST,v1,200,319,INFO,,00abfaf503f053751b47dc4a5c5e265b
2026-09-07T08:00:27,orders-api,/profile,POST,v1,200,117,INFO,,61465905eb7a4ef256b75632857f2270
2026-09-07T08:00:28,orders-api,/profile,POST,v1,200,167,INFO,,251c78d342f37face2134da53ee2b794
2026-09-07T08:00:28,orders-api,/profile,POST,v1,200,100,INFO,,63f618bcb5816445106992a319de7d1f
2026-09-07T08:00:28,orders-api,/login,POST,v1,200,251,INFO,,49179cb6361904b24eda0068bd8b0404
2026-09-07T08:00:29,orders-api,/checkout,POST,v1,200,188,INFO,,4afd1e7da1da983554dd831c8e8ea0a1
2026-09-07T08:00:29,orders-api,/catalog,GET,v1,200,134,INFO,,3c5af13fd1ef6f132dce754394ff616f
2026-09-07T08:00:29,orders-api,/login,POST,v1,200,156,INFO,,4ef721c7e3ec78a20b931cc403f06405
2026-09-07T08:00:30,orders-api,/catalog,GET,v1,200,156,INFO,,382c7ef1835797906aeb640c2be8afa8
2026-09-07T08:00:30,orders-api,/checkout,POST,v1,200,217,INFO,,7a815994d9dbca8eb20906d9a9a01804
2026-09-07T08:00:30,orders-api,/checkout,POST,v1,200,278,INFO,,16c00fd14afc09b18d61112b05dc256f
2026-09-07T08:00:31,orders-api,/checkout,POST,v1,200,263,INFO,,6ba4ed72c72e934961810e14619b69b5
2026-09-07T08:00:31,orders-api,/catalog,GET,v1,200,86,INFO,,0b2018f97ddc413756b4313ebd54a6d4
2026-09-07T08:00:31,orders-api,/profile,POST,v1,200,160,INFO,,61ab37264a5884aa37702795423a41d7
2026-09-07T08:00:32,orders-api,/profile,POST,v1,200,116,INFO,,b5d6752b0499b1a6e733cd86e9b3ff3d
2026-09-07T08:00:32,orders-api,/checkout,POST,v1,200,322,INFO,,dbba14adfa222dc8fdd382e1fb5b0dd5
2026-09-07T08:00:32,orders-api,/login,POST,v1,200,149,INFO,,da5db6f98cac31c2388faf7590f6cd5f
2026-09-07T08:00:33,orders-api,/checkout,POST,v1,200,302,INFO,,7061d0aa501fc2974ebd635112af16c0
2026-09-07T08:00:33,orders-api,/profile,POST,v1,200,168,INFO,,c7a4a148ae0f773d96d3be5e7b504ef8
2026-09-07T08:00:33,orders-api,/checkout,POST,v1,200,316,INFO,,fe4d03ed4dd336e294c8804b8718d0e9
2026-09-07T08:00:34,orders-api,/profile,POST,v1,200,196,INFO,,0267b2c1762c40ed5211fe07c1416d3e
2026-09-07T08:00:34,orders-api,/checkout,POST,v1,200,226,INFO,,e4379781f4a28e8054ec33cfb9ed5847
2026-09-07T08:00:34,orders-api,/profile,POST,v1,200,195,INFO,,54b3e92a61b6d89e937c8a19613f140f
2026-09-07T08:00:35,orders-api,/login,POST,v1,200,135,INFO,,3fb0b70cc124692a2a9c603c0a76cf6d
2026-09-07T08:00:35,orders-api,/profile,POST,v1,200,124,INFO,,2b0973fbb1253bde69cd762d355763f7
2026-09-07T08:00:35,orders-api,/login,POST,v1,200,231,INFO,,0bec7e81a0989d5ebad2effcd3fcc401
2026-09-07T08:00:36,orders-api,/checkout,POST,v1,200,202,INFO,,5184984866d8a21cc195043e490adb50
2026-09-07T08:00:36,orders-api,/checkout,POST,v1,200,334,INFO,,600aa0872d9e96c8f537398546e5922c
2026-09-07T08:00:36,orders-api,/checkout,POST,v1,200,237,INFO,,9ff0abf04c2eb808fabd80ad918b4741
2026-09-07T08:00:37,orders-api,/profile,POST,v1,200,203,INFO,,5a4edac5eb89b8f4fb00f29f834a1211
2026-09-07T08:00:37,orders-api,/checkout,POST,v1,200,200,INFO,,53a2fafb6c046795fad86e598c59d095
2026-09-07T08:00:37,orders-api,/profile,POST,v1,200,111,INFO,,e7b9a9391a3fec6fb0da063144388327
2026-09-07T08:00:38,orders-api,/catalog,GET,v1,200,108,INFO,,04fd985a9c774547903ef11867216ced
2026-09-07T08:00:38,orders-api,/catalog,GET,v1,200,114,INFO,,123c18b6207f79fb4498254036c29f40
2026-09-07T08:00:38,orders-api,/catalog,GET,v1,200,143,INFO,,c3557de7ffb6b0ca507db4496c99d81c
2026-09-07T08:00:39,orders-api,/checkout,POST,v1,200,261,INFO,,771c5280a4bae742d4508ee5f6b29b7c
2026-09-07T08:00:39,orders-api,/login,POST,v1,200,170,INFO,,3529e65534563d7b3a8c9c7be2c25fe9
2026-09-07T08:00:39,orders-api,/checkout,POST,v1,200,226,INFO,,c006d3b0f9e3ed6ef176df5dd65a5f69
2026-09-07T08:00:40,orders-api,/checkout,POST,v1,200,292,INFO,,3282ca30b1e2ba60f67bfad360662f01
2026-09-07T08:00:40,orders-api,/checkout,POST,v1,200,239,INFO,,025ed1a105768b64f65328639b5ccefc
2026-09-07T08:00:40,orders-api,/catalog,GET,v1,200,91,INFO,,082df960add2e59cfb27f86105fb56b6
2026-09-07T08:00:41,orders-api,/catalog,GET,v1,200,140,INFO,,44178442b24de63c5f857d7249a92577
2026-09-07T08:00:41,orders-api,/profile,POST,v1,200,133,INFO,,2b247b4d0ad0b6e08b362f146a764cbf
2026-09-07T08:00:41,orders-api,/catalog,GET,v1,500,105,ERROR,unexpected upstream error,80d95f06c927049ddb342231a1addfa3
2026-09-07T08:00:42,orders-api,/catalog,GET,v1,200,138,INFO,,975f5044193ab10b8f2c0c00cb624eb8
2026-09-07T08:00:42,orders-api,/catalog,GET,v1,200,99,INFO,,24afc351ddcd109bfc9a67f99727d84c
2026-09-07T08:00:42,orders-api,/catalog,GET,v1,200,151,INFO,,a5beebcdb2f523cbab0da4a49437457f
2026-09-07T08:00:43,orders-api,/checkout,POST,v1,200,257,INFO,,3641d8dfcaa58eae060efe62c54878ba
2026-09-07T08:00:43,orders-api,/login,POST,v1,200,225,INFO,,f064acc475de48875e388180b754b487
2026-09-07T08:00:43,orders-api,/login,POST,v1,200,123,INFO,,09100febb8c4e688c0647245dead4331
2026-09-07T08:00:44,orders-api,/checkout,POST,v1,200,314,INFO,,800790644b59439d111186431e47696e
2026-09-07T08:00:44,orders-api,/checkout,POST,v1,200,277,INFO,,0dd06bfbd25a746b062081f8bf88d517
2026-09-07T08:00:44,orders-api,/checkout,POST,v1,200,254,INFO,,8c2f9959f4c4e9158395f382930590bd
2026-09-07T08:00:45,orders-api,/checkout,POST,v1,200,170,INFO,,a43398e70f75a491ee57969d9fcce50e
2026-09-07T08:00:45,orders-api,/login,POST,v1,200,179,INFO,,c9dcbbb2da15b8a6b7678c71676870f2
2026-09-07T08:00:45,orders-api,/checkout,POST,v1,200,258,INFO,,45e4de09b93cb3a796609419a5e5033f
2026-09-07T08:00:46,orders-api,/checkout,POST,v1,200,314,INFO,,9b96c6abd84c1edbb249a1bb3dac4406
2026-09-07T08:00:46,orders-api,/catalog,GET,v1,200,140,INFO,,9c98b15f060392ba1b8ebd7380a185dc
2026-09-07T08:00:46,orders-api,/profile,POST,v1,200,204,INFO,,f9c9c66d2b73340a7bea27dbd5d7910d
2026-09-07T08:00:47,orders-api,/profile,POST,v1,200,179,INFO,,60c331306476552eb33670e42fcf1939
2026-09-07T08:00:47,orders-api,/catalog,GET,v1,200,129,INFO,,96183de6762b4509b6e95950746040b1
2026-09-07T08:00:47,orders-api,/profile,POST,v1,200,152,INFO,,f0fccb9631624e5b0b89e39ca67cd095
2026-09-07T08:00:48,orders-api,/checkout,POST,v1,200,278,INFO,,3244019b492d2a12a04abd4b3b268017
2026-09-07T08:00:48,orders-api,/login,POST,v1,200,158,INFO,,5080e5133a99f293738060518bbd5088
2026-09-07T08:00:48,orders-api,/checkout,POST,v1,200,216,INFO,,070c710eb2092a348e0480cc7db2fa8f
2026-09-07T08:00:49,orders-api,/checkout,POST,v1,200,193,INFO,,e8537d5a0913042f7612f170237f6aca
2026-09-07T08:00:49,orders-api,/checkout,POST,v1,200,290,INFO,,64cb0f7ae52558af9c35d64b5e65e92c
2026-09-07T08:00:49,orders-api,/checkout,POST,v1,200,262,INFO,,eb490d54ee79d7fe6beb4071caec3461
2026-09-07T08:00:50,orders-api,/catalog,GET,v1,200,117,INFO,,58393d9098a86988f3e5016a8dafb5c3
2026-09-07T08:00:50,orders-api,/profile,POST,v1,200,176,INFO,,385050dd3c826c5f54e64acc2089df21
2026-09-07T08:00:50,orders-api,/profile,POST,v1,200,141,INFO,,37cdab3fba925aab648d8ae341d613ac
2026-09-07T08:00:51,orders-api,/checkout,POST,v1,200,298,INFO,,70dd17dd60ae4cb270144f33585d25e8
2026-09-07T08:00:51,orders-api,/profile,POST,v1,200,146,INFO,,36ed6f123b515e5ab2bad0d3946420ac
2026-09-07T08:00:51,orders-api,/login,POST,v1,200,150,INFO,,eae446501bfb9b8fe69d7e3e66fab69b
2026-09-07T08:00:52,orders-api,/checkout,POST,v1,200,174,INFO,,550b4001c361c81f9f81d371fa444c2d
2026-09-07T08:00:52,orders-api,/checkout,POST,v1,200,238,INFO,,4cff863e1eca9184ae111028876f9ea1
2026-09-07T08:00:52,orders-api,/checkout,POST,v1,200,191,INFO,,56738f308fb08441dd3f3355a1f432e0
2026-09-07T08:00:53,orders-api,/login,POST,v1,200,199,INFO,,9766cfadcb239f4f797ec0e00347d982
2026-09-07T08:00:53,orders-api,/checkout,POST,v1,200,193,INFO,,ac64988b5439ef6b4af6596b71597b8e
2026-09-07T08:00:53,orders-api,/catalog,GET,v1,200,114,INFO,,d9fe0c4d103a5a3e19613ace89b88cae
2026-09-07T08:00:54,orders-api,/checkout,POST,v1,200,299,INFO,,2a2f4601ad889d3932d0ccbe41431816
2026-09-07T08:00:54,orders-api,/checkout,POST,v1,200,311,INFO,,a1b980692ca45093247ae4c9b2666a32
2026-09-07T08:00:54,orders-api,/checkout,POST,v1,200,173,INFO,,8c8adf2922ada83cdba6d96197b7f839
2026-09-07T08:00:55,orders-api,/catalog,GET,v1,200,111,INFO,,c7e234827cd23e3a096a6bb1cbe095ce
2026-09-07T08:00:55,orders-api,/login,POST,v1,200,225,INFO,,1d5565ef9fb63864a30e6bbafa7b04bf
2026-09-07T08:00:55,orders-api,/profile,POST,v1,200,102,INFO,,b93276074d59958014d7976a1e1e5a69
2026-09-07T08:00:56,orders-api,/checkout,POST,v1,200,283,INFO,,3369e59a672082e670bfa5bb538d86fa
2026-09-07T08:00:56,orders-api,/catalog,GET,v1,200,142,INFO,,280ba22e2b5127b909d5ad46a30a6d2f
2026-09-07T08:00:56,orders-api,/login,POST,v1,200,224,INFO,,dd0d0ac9ee937e2e2ba8b36661f70350
2026-09-07T08:00:57,orders-api,/checkout,POST,v1,200,334,INFO,,24a041a3636022afba5995836aa316af
2026-09-07T08:00:57,orders-api,/checkout,POST,v1,200,223,INFO,,befdd478b065faf6f0d2ade6e61f8a6f
2026-09-07T08:00:57,orders-api,/login,POST,v1,200,220,INFO,,d13d7098ae8c6cd3e6673811c755a3ff
2026-09-07T08:00:58,orders-api,/checkout,POST,v1,200,276,INFO,,1c2874047c69034a6147fb5d8002d52e
2026-09-07T08:00:58,orders-api,/checkout,POST,v1,200,314,INFO,,7e55092803bf374c9bcb82d1661db53e
2026-09-07T08:00:58,orders-api,/catalog,GET,v1,200,168,INFO,,95fb1e2bdfd9b7e9122c0850579cba08
2026-09-07T08:00:59,orders-api,/login,POST,v1,200,171,INFO,,a6d206b9fa12199cb2cd43dca1f42728
2026-09-07T08:00:59,orders-api,/catalog,GET,v1,200,156,INFO,,d1d573588679938496d0c9626f960e1b
2026-09-07T08:00:59,orders-api,/profile,POST,v1,200,205,INFO,,66d4e2a6284cc52669c3a3bdaff28f3a
2026-09-07T08:01:00,orders-api,/login,POST,v1,200,180,INFO,,958543caba845031768f78ebc0efe368
2026-09-07T08:01:00,orders-api,/login,POST,v1,200,233,INFO,,a5c26adcdb6340f401a305ed866885d0
2026-09-07T08:01:00,orders-api,/catalog,GET,v1,200,119,INFO,,227c4f4bf4fef68a978d08b99ea51323
2026-09-07T08:01:01,orders-api,/login,POST,v1,200,236,INFO,,f62fa6b888a582c7047390192a57811c
2026-09-07T08:01:01,orders-api,/checkout,POST,v1,200,211,INFO,,11f41873da53291c77ad2e068e79391f
2026-09-07T08:01:01,orders-api,/catalog,GET,v1,200,114,INFO,,d25458a55fd4df3c51b336adad65d0d3
2026-09-07T08:01:02,orders-api,/checkout,POST,v1,200,200,INFO,,ec93ebbf8f6f6b422890247cff16c555
2026-09-07T08:01:02,orders-api,/checkout,POST,v1,200,227,INFO,,f1f9e060c2f874ce1c053181b62eb78e
2026-09-07T08:01:02,orders-api,/profile,POST,v1,200,130,INFO,,ef0847f818df16bcbb5578683a35a54f
2026-09-07T08:01:03,orders-api,/checkout,POST,v1,200,184,INFO,,db177ed234827d4b9c8924d09cc93269
2026-09-07T08:01:03,orders-api,/login,POST,v1,200,216,INFO,,61390a1d340e14bb267f9ad19ab36b26
2026-09-07T08:01:03,orders-api,/login,POST,v1,200,133,INFO,,54aa786282f219b466953d0822eeb84a
2026-09-07T08:01:04,orders-api,/checkout,POST,v1,200,222,INFO,,33ab367701211e30b19e877ac7b792d0
2026-09-07T08:01:04,orders-api,/catalog,GET,v1,200,127,INFO,,707a85c3ad9a3656e3fa3f27eef2db35
2026-09-07T08:01:04,orders-api,/catalog,GET,v1,200,109,INFO,,0080734bdf513df0d9ec7bcb074b9369
2026-09-07T08:01:05,orders-api,/login,POST,v1,200,136,INFO,,7ebdd4bbe84867f91c3164b096e71c37
2026-09-07T08:01:05,orders-api,/checkout,POST,v1,200,261,INFO,,ee080d67d5398aabc8755264edc2f587
2026-09-07T08:01:05,orders-api,/login,POST,v1,200,187,INFO,,c6e6405d093dc10ca6a664d3de3e3e9b
2026-09-07T08:01:06,orders-api,/login,POST,v1,200,159,INFO,,298b9ec6aec94664e7ba8ed74559f202
2026-09-07T08:01:06,orders-api,/checkout,POST,v1,200,208,INFO,,ed70f8c4ffed6313fcb9ed6f17759d15
2026-09-07T08:01:06,orders-api,/checkout,POST,v1,200,260,INFO,,de8bc955d441cc2ad72127a7fe236e08
2026-09-07T08:01:07,orders-api,/checkout,POST,v1,200,264,INFO,,c327fb74e510fc338a2954bf61d6262a
2026-09-07T08:01:07,orders-api,/login,POST,v1,200,188,INFO,,a8c39b013671a33f7fe1a0073b5ac1d4
2026-09-07T08:01:07,orders-api,/profile,POST,v1,200,151,INFO,,8348670dc3e3b3fdf2eaa9276cc0fd57
2026-09-07T08:01:08,orders-api,/catalog,GET,v1,200,84,INFO,,64aa8918f423074c6f804ae2e88df497
2026-09-07T08:01:08,orders-api,/profile,POST,v1,200,190,INFO,,97b7215008e9d4a375bda2818c6be1b2
2026-09-07T08:01:08,orders-api,/catalog,GET,v1,200,136,INFO,,39fa77246eb51a4b3e2936fb3e5a0f39
2026-09-07T08:01:09,orders-api,/checkout,POST,v1,200,265,INFO,,40390d9b2e5bdfac49cfbe143bfedef1
2026-09-07T08:01:09,orders-api,/checkout,POST,v1,200,190,INFO,,280ffee7ee9f781a682baa076d32e307
2026-09-07T08:01:09,orders-api,/login,POST,v1,200,151,INFO,,50df145278d297b5b5d30180a85c6771
2026-09-07T08:01:10,orders-api,/catalog,GET,v1,200,119,INFO,,f0dd211777b23fb69ba3013574f9f270
2026-09-07T08:01:10,orders-api,/profile,POST,v1,200,133,INFO,,f438df6ab59b9ea555f120bafc7a00a1
2026-09-07T08:01:10,orders-api,/login,POST,v1,200,252,INFO,,239e463028a17bb45cfeec69c9d91a74
2026-09-07T08:01:11,orders-api,/checkout,POST,v1,200,282,INFO,,40453320e61e084070c191d9b91bd87f
2026-09-07T08:01:11,orders-api,/checkout,POST,v1,200,182,INFO,,c47f09c1984ffe79a9eeabd862449770
2026-09-07T08:01:11,orders-api,/checkout,POST,v1,200,270,INFO,,1425e1c5ed7b346bd6e4e7b7f773f50f
2026-09-07T08:01:12,orders-api,/checkout,POST,v1,200,290,INFO,,4fc337109414e049b0e84db209023abb
2026-09-07T08:01:12,orders-api,/login,POST,v1,200,249,INFO,,0cce660588c290ee7fa2e55b0d34cc0c
2026-09-07T08:01:12,orders-api,/login,POST,v1,200,250,INFO,,d492a9b1b5f6af3c2ee112c7a6e08396
2026-09-07T08:01:13,orders-api,/catalog,GET,v1,200,138,INFO,,ef140b06bfd9c36ae9d8a42b133a5999
2026-09-07T08:01:13,orders-api,/profile,POST,v1,200,107,INFO,,355fe04d21b11c4db53719e55b6dbcdb
2026-09-07T08:01:13,orders-api,/checkout,POST,v1,200,297,INFO,,ed0dea2cb78d7fadcd3745d037012289
2026-09-07T08:01:14,orders-api,/catalog,GET,v1,200,91,INFO,,a6cdf028e557175bcb2902d00082f1e4
2026-09-07T08:01:14,orders-api,/login,POST,v1,200,190,INFO,,adf2db22c8995fcbf61378b2634b13c0
2026-09-07T08:01:14,orders-api,/catalog,GET,v1,200,83,INFO,,627aa23f2fca9d0388e00968eeb2b0fc
2026-09-07T08:01:15,orders-api,/catalog,GET,v1,200,102,INFO,,9dc315a7dcaee5a32dc5113e45192c89
2026-09-07T08:01:15,orders-api,/checkout,POST,v1,200,312,INFO,,e50732610045f940991be34d510e8dcb
2026-09-07T08:01:15,orders-api,/catalog,GET,v1,200,169,INFO,,d196f53b1da629ff36dbb126a8d71e21
2026-09-07T08:01:16,orders-api,/login,POST,v1,200,225,INFO,,67d1f1f8f6afc432a4eb86ba9c6e42dd
2026-09-07T08:01:16,orders-api,/catalog,GET,v1,200,162,INFO,,8a2b85656b70c37d97214b7ba920cdf9
2026-09-07T08:01:16,orders-api,/checkout,POST,v1,200,277,INFO,,af1fba8eb96702f5c3feaf3dfadd6630
2026-09-07T08:01:17,orders-api,/catalog,GET,v1,200,111,INFO,,ba4d49f602f9d1c57e053b7ec6989bac
2026-09-07T08:01:17,orders-api,/checkout,POST,v1,200,315,INFO,,972041c28039b2ad25acc1d68797d1d7
2026-09-07T08:01:17,orders-api,/checkout,POST,v1,200,218,INFO,,1441bd6eb214315dd0ce7448a77bae6c
2026-09-07T08:01:18,orders-api,/profile,POST,v1,200,160,INFO,,9c98ba3d1a1e9f0a80697d94748ebc9a
2026-09-07T08:01:18,orders-api,/catalog,GET,v1,200,109,INFO,,456ffe492576a15df1044864576b9ee0
2026-09-07T08:01:18,orders-api,/profile,POST,v1,200,156,INFO,,72199da137d693a991a52916a600c3e5
2026-09-07T08:01:19,orders-api,/profile,POST,v1,200,159,INFO,,ea3a7fff11c6cc3c3d06f0ebaecf154e
2026-09-07T08:01:19,orders-api,/catalog,GET,v1,200,112,INFO,,818703e1aaba6860157da9f229c4ea19
2026-09-07T08:01:19,orders-api,/login,POST,v1,200,148,INFO,,b6b065ba8acc6db209fa4390abd6a2fe
2026-09-07T08:01:20,orders-api,/catalog,GET,v1,200,119,INFO,,b0256d4ff9eceaa6e512ed9c11eaea96
2026-09-07T08:01:20,orders-api,/login,POST,v1,200,205,INFO,,a245afbd69cf83a77489b4cffb205e3a
2026-09-07T08:01:20,orders-api,/checkout,POST,v1,200,263,INFO,,de68645b35cce9e3060172d15873d437
2026-09-07T08:01:21,orders-api,/catalog,GET,v1,200,169,INFO,,f9a06df21c04f984e05a8d382a7e8d8a
2026-09-07T08:01:21,orders-api,/profile,POST,v1,200,112,INFO,,e94d29d361d2c0ee956c2137ed744393
2026-09-07T08:01:21,orders-api,/profile,POST,v1,200,178,INFO,,c4193f72ff44e8c1c39c80e093aaf70d
2026-09-07T08:01:22,orders-api,/catalog,GET,v1,200,155,INFO,,4b21322236b2926254189ed9a07d4d95
2026-09-07T08:01:22,orders-api,/profile,POST,v1,200,160,INFO,,afdddc31f6abc00a44791ba6af14702d
2026-09-07T08:01:22,orders-api,/catalog,GET,v1,200,125,INFO,,b1dd9fd567019003881206eb5bf9ff26
2026-09-07T08:01:23,orders-api,/profile,POST,v1,200,130,INFO,,1336ba7ff5261a4ac88c360d4a5d5fd3
2026-09-07T08:01:23,orders-api,/login,POST,v1,200,191,INFO,,e61b92d0eb4009a2432524250cc763c2
2026-09-07T08:01:23,orders-api,/profile,POST,v1,200,132,INFO,,a76d3d5aaff5b47758b3d8ce50b8b812
2026-09-07T08:01:24,orders-api,/catalog,GET,v1,200,124,INFO,,998ce14307791d05c2b8c584077bc9d5
2026-09-07T08:01:24,orders-api,/checkout,POST,v1,200,228,INFO,,b59b4684b42b6b26994d3889a3b71efa
2026-09-07T08:01:24,orders-api,/catalog,GET,v1,200,120,INFO,,6bc47d394f604c13dff1af6cc192a27e
2026-09-07T08:01:25,orders-api,/checkout,POST,v1,200,288,INFO,,46972d1324c5caf5d5af1c62df87d5ba
2026-09-07T08:01:25,orders-api,/catalog,GET,v1,200,149,INFO,,52f70acf81e15ecd6ad258b0ec9a258d
2026-09-07T08:01:25,orders-api,/checkout,POST,v1,200,289,INFO,,5c8ad5e6c61a6a28a50b535c71786a68
2026-09-07T08:01:26,orders-api,/login,POST,v1,200,234,INFO,,0c5d0ed159a7d8b68d32d3285fe1ddb5
2026-09-07T08:01:26,orders-api,/profile,POST,v1,200,104,INFO,,701719d57d1c3b7520faa5748533f861
2026-09-07T08:01:26,orders-api,/catalog,GET,v1,200,158,INFO,,15d846047384195630e9b7ac459666d7
2026-09-07T08:01:27,orders-api,/profile,POST,v1,200,157,INFO,,aaffee08061f000a80b29ae58adc36e0
2026-09-07T08:01:27,orders-api,/catalog,GET,v1,200,116,INFO,,7e4be90a0bb0395a9a950b2e3924eefd
2026-09-07T08:01:27,orders-api,/login,POST,v1,200,255,INFO,,7d2dc2e5b0e9488442403aa3fc351c9c
2026-09-07T08:01:28,orders-api,/checkout,POST,v1,200,280,INFO,,b724973257eb5bf39421ac70a725cf0b
2026-09-07T08:01:28,orders-api,/profile,POST,v1,200,194,INFO,,b159db3cf385edfe5c88015baccdf27a
2026-09-07T08:01:28,orders-api,/catalog,GET,v1,200,144,INFO,,978eea6859a055cdd597dd9cdcf49b97
2026-09-07T08:01:29,orders-api,/login,POST,v1,200,129,INFO,,2a6f329cf1a6cf77b9154e7bf000d052
2026-09-07T08:01:29,orders-api,/login,POST,v1,200,224,INFO,,d67816e48f3a05b2ad91c39a7a012453
2026-09-07T08:01:29,orders-api,/catalog,GET,v1,200,137,INFO,,bfd3991c17aac069f9604968d9c2721b
2026-09-07T08:01:30,orders-api,/profile,POST,v1,200,176,INFO,,6e22530461d2cafccac728be199b93cb
2026-09-07T08:01:30,orders-api,/profile,POST,v1,200,187,INFO,,6e1ebe07a64391016bfd3f3627009fd6
2026-09-07T08:01:30,orders-api,/checkout,POST,v1,200,194,INFO,,27694a9f857a535aaebcf692a9ded797
2026-09-07T08:01:31,orders-api,/catalog,GET,v1,200,151,INFO,,0cee5238f9d103901d992bb7aa580092
2026-09-07T08:01:31,orders-api,/checkout,POST,v1,200,318,INFO,,247e4238d7c92b507ce301cb65d2b29e
2026-09-07T08:01:31,orders-api,/catalog,GET,v1,200,162,INFO,,78976bf9c8b9d302e982126ec5031c3f
2026-09-07T08:01:32,orders-api,/checkout,POST,v1,200,213,INFO,,72f6209c51a654bf14f235d717e32c1c
2026-09-07T08:01:32,orders-api,/checkout,POST,v1,200,306,INFO,,72d9c6319b93566b6f32b505597d9e4b
2026-09-07T08:01:32,orders-api,/profile,POST,v1,200,117,INFO,,c8528c61817d552180d346148f1c3bae
2026-09-07T08:01:33,orders-api,/catalog,GET,v1,200,132,INFO,,6a4c861bbc12e9e59723bbf3e53a53ea
2026-09-07T08:01:33,orders-api,/login,POST,v1,200,238,INFO,,788994c0c50a77a6ce712bd8f74367d5
2026-09-07T08:01:33,orders-api,/checkout,POST,v1,200,252,INFO,,1ba703ca6a920930dc555ab5cafeeebb
2026-09-07T08:01:34,orders-api,/checkout,POST,v1,200,267,INFO,,3c412fb4e3cc7469771ee5b857214d69
2026-09-07T08:01:34,orders-api,/profile,POST,v1,200,207,INFO,,91bafabcfcb8378522894c50566e862a
2026-09-07T08:01:34,orders-api,/login,POST,v1,200,216,INFO,,98179ad5a2a104f814b39cd8fe2d0655
2026-09-07T08:01:35,orders-api,/login,POST,v1,200,189,INFO,,7ae9c7c9b2d8eeeb79a8784e56ada573
2026-09-07T08:01:35,orders-api,/profile,POST,v1,200,187,INFO,,3d683adff524f7d82b1c2f26af47e91c
2026-09-07T08:01:35,orders-api,/catalog,GET,v1,200,137,INFO,,a0eb19c5e33838abf54468e728d44a29
2026-09-07T08:01:36,orders-api,/login,POST,v1,200,212,INFO,,a2a107dce07fe4dc43ef8be3ae04bf08
2026-09-07T08:01:36,orders-api,/profile,POST,v1,200,199,INFO,,c967c9c7831d296dc46048e6b4251d53
2026-09-07T08:01:36,orders-api,/login,POST,v1,200,201,INFO,,9beb01c0828273f7cec663978098d446
2026-09-07T08:01:37,orders-api,/login,POST,v1,200,224,INFO,,87cbb9fcf058fc5dd55d9378cce14385
2026-09-07T08:01:37,orders-api,/checkout,POST,v1,200,261,INFO,,64e7835927efc0c9e2321bec034f1aa9
2026-09-07T08:01:37,orders-api,/profile,POST,v1,200,200,INFO,,505f0faaf01adba2f5b307aed974fd2d
2026-09-07T08:01:38,orders-api,/profile,POST,v1,200,190,INFO,,2b34185cc46bff00e9ac0310a74b4516
2026-09-07T08:01:38,orders-api,/catalog,GET,v1,200,147,INFO,,462f140e2a52013937a89bb8e07b08e5
2026-09-07T08:01:38,orders-api,/checkout,POST,v1,200,333,INFO,,0598ba342594ffbd144a121dfba7c76c
2026-09-07T08:01:39,orders-api,/checkout,POST,v1,200,316,INFO,,e9614c740942f0894a4df0f462611a39
2026-09-07T08:01:39,orders-api,/login,POST,v1,200,232,INFO,,0acdf1fd9dfb7005f78f21da117ec687
2026-09-07T08:01:39,orders-api,/checkout,POST,v1,200,172,INFO,,c58db999cbd6ac4a667e7011a46d1d6d
2026-09-07T08:01:40,orders-api,/catalog,GET,v1,200,140,INFO,,e5dd89a7381f97babda35f82708bfaf4
2026-09-07T08:01:40,orders-api,/login,POST,v1,200,251,INFO,,fcbe428cbdfaa2f7f0ad3b8e03ae9710
2026-09-07T08:01:40,orders-api,/checkout,POST,v1,200,174,INFO,,4014519d28a9b31f1f31a30909182f98
2026-09-07T08:01:41,orders-api,/profile,POST,v1,200,200,INFO,,63ef7b4eefe20eadc4b7cd533fc2e03e
2026-09-07T08:01:41,orders-api,/checkout,POST,v1,200,310,INFO,,59081b5ccdd6b9dc20dfda34cce50f2e
2026-09-07T08:01:41,orders-api,/profile,POST,v1,200,144,INFO,,b61f9005145c7271432a11396c923f43
2026-09-07T08:01:42,orders-api,/checkout,POST,v1,200,221,INFO,,9a1aa45d1d6bf22cb15ea7d488fc29ac
2026-09-07T08:01:42,orders-api,/catalog,GET,v1,200,159,INFO,,7a068849a1e227ecb50bfa6cb12b8e47
2026-09-07T08:01:42,orders-api,/checkout,POST,v1,200,283,INFO,,cf7bad9b43a28ac968cb80de47135ece
2026-09-07T08:01:43,orders-api,/login,POST,v1,200,223,INFO,,d0c7b3f41d61c8b59b135f369d3fa762
2026-09-07T08:01:43,orders-api,/checkout,POST,v1,200,186,INFO,,681223db62c88835dab2362ef7570942
2026-09-07T08:01:43,orders-api,/catalog,GET,v1,200,165,INFO,,beeec1bb624a62e633e5a34f81752c9e
2026-09-07T08:01:44,orders-api,/checkout,POST,v1,200,245,INFO,,b78a3a13ee01d8ca94a42efe2f291275
2026-09-07T08:01:44,orders-api,/profile,POST,v1,200,110,INFO,,19a8e43f732dedddd15c128aad5563a8
2026-09-07T08:01:44,orders-api,/login,POST,v1,200,170,INFO,,463ee1c1a9f738ed1db0a11d33792087
2026-09-07T08:01:45,orders-api,/catalog,GET,v1,200,90,INFO,,edcab75a171bf1c2c6ea432181710026
2026-09-07T08:01:45,orders-api,/profile,POST,v1,200,172,INFO,,786edc3fd4a4ae4527f2113af3019013
2026-09-07T08:01:45,orders-api,/login,POST,v1,200,230,INFO,,615aad473a7f6cfb5c8d5c4834e976ef
2026-09-07T08:01:46,orders-api,/checkout,POST,v1,200,265,INFO,,08a524d808c4ab7745e46390ae7b45af
2026-09-07T08:01:46,orders-api,/checkout,POST,v1,200,205,INFO,,91968be8dda90342ffb08fdf8343663c
2026-09-07T08:01:46,orders-api,/checkout,POST,v1,200,225,INFO,,18832604032ae4d5cdc9f2c20f59a6fd
2026-09-07T08:01:47,orders-api,/checkout,POST,v1,200,170,INFO,,2cee3043dc5237857c4ef91b99468e6d
2026-09-07T08:01:47,orders-api,/profile,POST,v1,200,114,INFO,,6643baae0c04f7618c8d487f5518df58
2026-09-07T08:01:47,orders-api,/checkout,POST,v1,200,282,INFO,,a8a18300f85a25215d0399e48727a368
2026-09-07T08:01:48,orders-api,/checkout,POST,v1,200,304,INFO,,190ea0543e286aa0e78eec7cefc6fb86
2026-09-07T08:01:48,orders-api,/checkout,POST,v1,200,199,INFO,,c3f825ef1de552ac1c1b9e300941fe10
2026-09-07T08:01:48,orders-api,/checkout,POST,v1,200,259,INFO,,2e3ddc35515b49f6e801a38315e58834
2026-09-07T08:01:49,orders-api,/login,POST,v1,200,191,INFO,,3075c4b71f33a6e7939178bd91293179
2026-09-07T08:01:49,orders-api,/checkout,POST,v1,200,330,INFO,,4fcd21d193f00aa42f48f95cf5a0e836
2026-09-07T08:01:49,orders-api,/checkout,POST,v1,200,317,INFO,,753d9bc07df2f8f207d81383d1677b20
2026-09-07T08:01:50,orders-api,/catalog,GET,v1,200,166,INFO,,3b493e5ca9bd254f0bcbb6189468368a
2026-09-07T08:01:50,orders-api,/checkout,POST,v1,200,238,INFO,,87cf10dbdee0a623dd77cd0791032f08
2026-09-07T08:01:50,orders-api,/login,POST,v1,200,130,INFO,,a2dad2dbdfb5d7d4cef7cdd03a2b2225
2026-09-07T08:01:51,orders-api,/checkout,POST,v1,200,181,INFO,,e1e860362985aeda9b2457e9229c4a9d
2026-09-07T08:01:51,orders-api,/checkout,POST,v1,200,263,INFO,,cf1afeff1e95d77c785dbc26591ff847
2026-09-07T08:01:51,orders-api,/checkout,POST,v1,200,260,INFO,,714b77c2146110e4a853e4a168b7f120
2026-09-07T08:01:52,orders-api,/catalog,GET,v1,200,88,INFO,,c4996fc52b8a7bb8f4fa9b153c88f5cd
2026-09-07T08:01:52,orders-api,/login,POST,v1,200,227,INFO,,313b86b59a6e9262af060b7d26ddd1c9
2026-09-07T08:01:52,orders-api,/login,POST,v1,200,151,INFO,,e742ab17d541137f82709b4625e385e6
2026-09-07T08:01:53,orders-api,/checkout,POST,v1,200,240,INFO,,62f922759c1208d1a375a06f8f70909b
2026-09-07T08:01:53,orders-api,/checkout,POST,v1,200,283,INFO,,4744ad265b105824f7bfee5b7cddf516
2026-09-07T08:01:53,orders-api,/checkout,POST,v1,200,326,INFO,,a9fbea047f128d0fbec7b439e20f2101
2026-09-07T08:01:54,orders-api,/checkout,POST,v1,200,185,INFO,,95a5815e812d3b6d6fc56ab1d66955ed
2026-09-07T08:01:54,orders-api,/checkout,POST,v1,200,308,INFO,,1cb01946395f0a5e4869490ee63b0188
2026-09-07T08:01:54,orders-api,/catalog,GET,v1,200,130,INFO,,6f93743c75f88f6fbbd4d14596af007b
2026-09-07T08:01:55,orders-api,/checkout,POST,v1,200,230,INFO,,fb2822c1eb298700849c4d709dd3a1e4
2026-09-07T08:01:55,orders-api,/login,POST,v1,200,220,INFO,,89e2bf3c5f540ebde9e88a8988bcb32a
2026-09-07T08:01:55,orders-api,/profile,POST,v1,200,138,INFO,,90f2b5d2aaaeb81d1dfb61762f774e09
2026-09-07T08:01:56,orders-api,/catalog,GET,v1,200,139,INFO,,515e83fcfab0d7389de6d364c28ec5d5
2026-09-07T08:01:56,orders-api,/checkout,POST,v1,200,313,INFO,,942961967e4c2610139246b45e87cddf
2026-09-07T08:01:56,orders-api,/checkout,POST,v1,200,267,INFO,,2e6dec953745aefbe75a9ad5a8c3fcae
2026-09-07T08:01:57,orders-api,/login,POST,v1,200,234,INFO,,f20ad7016cc3365044ee387e9175ca52
2026-09-07T08:01:57,orders-api,/catalog,GET,v1,200,82,INFO,,ce72c9d34ac258f2c688cc4a2cd0855e
2026-09-07T08:01:57,orders-api,/profile,POST,v1,200,129,INFO,,7eef165d7b8e1961bfa67b384518847b
2026-09-07T08:01:58,orders-api,/checkout,POST,v1,200,222,INFO,,690767aa3935b480ab4ec58fc7100d8f
2026-09-07T08:01:58,orders-api,/checkout,POST,v1,500,317,ERROR,unexpected upstream error,1a83227f06f963a2fb8a6815eda3fa11
2026-09-07T08:01:58,orders-api,/catalog,GET,v1,200,92,INFO,,4aaa17bb37e2d9264fc55715d85d0ec1
2026-09-07T08:01:59,orders-api,/login,POST,v1,200,150,INFO,,45ee14f84425538f0a83c649b5a767bb
2026-09-07T08:01:59,orders-api,/catalog,GET,v1,200,113,INFO,,65082836f6d1b3371bc15fb8cff4c4ce
2026-09-07T08:01:59,orders-api,/login,POST,v1,200,131,INFO,,9505d0ee11fb4f193d7df62577136b07
2026-09-07T08:02:00,orders-api,/checkout,POST,v1,200,275,INFO,,45afc73d3a41506a7a254444c2be6e48
2026-09-07T08:02:00,orders-api,/login,POST,v1,200,187,INFO,,d37e9b497b0f2e5ae2d382c30a730cc6
2026-09-07T08:02:00,orders-api,/catalog,GET,v1,200,147,INFO,,1ee82013a265616a01ed6811a978a7f3
2026-09-07T08:02:01,orders-api,/checkout,POST,v1,200,218,INFO,,4cd9a6af98bf159af7b7555aaca2ba24
2026-09-07T08:02:01,orders-api,/login,POST,v1,200,126,INFO,,8e8757695c4ec4acdfc89bb7196f1879
2026-09-07T08:02:01,orders-api,/catalog,GET,v1,200,80,INFO,,74f3ea6ae173aac4e11cddc1ed8aa223
2026-09-07T08:02:02,orders-api,/checkout,POST,v1,200,193,INFO,,b6f7d25685573f003d938bd3cff00b96
2026-09-07T08:02:02,orders-api,/checkout,POST,v1,200,171,INFO,,5d5865a09306836ef91d6ba31bc22f2a
2026-09-07T08:02:02,orders-api,/login,POST,v1,200,218,INFO,,c69c8b4c2d5e7c495a06b324545e2eaa
2026-09-07T08:02:03,orders-api,/catalog,GET,v1,200,152,INFO,,711231c5538550da35b4b94042636b5a
2026-09-07T08:02:03,orders-api,/checkout,POST,v1,200,177,INFO,,eeb78d0a88dc6190713148df508b2a45
2026-09-07T08:02:03,orders-api,/checkout,POST,v1,200,316,INFO,,ffabbdcd03a0f7dbeccc9cf7d77b6134
2026-09-07T08:02:04,orders-api,/catalog,GET,v1,200,143,INFO,,b8d0d511dc1d202cf2194f87dbee0b81
2026-09-07T08:02:04,orders-api,/catalog,GET,v1,200,81,INFO,,6091d6fa069d8735680fc7df7014c898
2026-09-07T08:02:04,orders-api,/checkout,POST,v1,200,275,INFO,,ce1459310e37b53fe4b1bf86a902b3f8
2026-09-07T08:02:05,orders-api,/profile,POST,v1,200,109,INFO,,61897919c7c2f7c439ebeaedabd08cc5
2026-09-07T08:02:05,orders-api,/profile,POST,v1,200,164,INFO,,02d3ce2aaa193d893207be1e3011f080
2026-09-07T08:02:05,orders-api,/catalog,GET,v1,200,107,INFO,,967fee4fd6eec399e408b4f92b0057f2
2026-09-07T08:02:06,orders-api,/checkout,POST,v1,200,198,INFO,,7fab83e0661f5b5e79d177e949f82f99
2026-09-07T08:02:06,orders-api,/catalog,GET,v1,200,125,INFO,,10bcd711e22bd8ad8d15b0f34dee44f7
2026-09-07T08:02:06,orders-api,/profile,POST,v1,200,180,INFO,,4ea4a44056495d3bbb9dd4dbe609becf
2026-09-07T08:02:07,orders-api,/login,POST,v1,200,140,INFO,,6a112372add02938e75d21833ced0ba5
2026-09-07T08:02:07,orders-api,/checkout,POST,v1,200,299,INFO,,78c4397b5d0cf75c92617b7e9d5f6259
2026-09-07T08:02:07,orders-api,/login,POST,v1,200,189,INFO,,b5a3495184e1f7b279ece3b5981b1d45
2026-09-07T08:02:08,orders-api,/login,POST,v1,200,249,INFO,,df74bf2a0106a08042eeef2afe1f4a77
2026-09-07T08:02:08,orders-api,/catalog,GET,v1,200,136,INFO,,5036354fc07f67bc5f966ee3ad5bb9cb
2026-09-07T08:02:08,orders-api,/profile,POST,v1,200,116,INFO,,a1a6a165a738275f70bb82436723efe2
2026-09-07T08:02:09,orders-api,/checkout,POST,v1,200,221,INFO,,a4a340eb98aa64b1a60ba73def4998b9
2026-09-07T08:02:09,orders-api,/checkout,POST,v1,200,256,INFO,,915460c39d3af2d69e1e66da96f62e7e
2026-09-07T08:02:09,orders-api,/checkout,POST,v1,200,179,INFO,,914922ec3f1b975704ff69a7c986e144
2026-09-07T08:02:10,orders-api,/profile,POST,v1,200,195,INFO,,f9802202df7bbc1236ac42b8d521d86e
2026-09-07T08:02:10,orders-api,/profile,POST,v1,200,155,INFO,,6635ffc53b7d8f5d7269f93f46fe6f3c
2026-09-07T08:02:10,orders-api,/catalog,GET,v1,200,151,INFO,,4f661b9ce16898179920ac5ec7a72af4
2026-09-07T08:02:11,orders-api,/profile,POST,v1,200,189,INFO,,0868b68ea2a9c8a766781d2d0c7338fe
2026-09-07T08:02:11,orders-api,/login,POST,v1,200,141,INFO,,fec0ee2fe5bbd1c7bdcff54bf0920f56
2026-09-07T08:02:11,orders-api,/checkout,POST,v1,200,322,INFO,,a2d011c19ed78e520d5f348b093e95f7
2026-09-07T08:02:12,orders-api,/checkout,POST,v1,200,255,INFO,,3eea7aba976f5f385ad37ef23ebd865c
2026-09-07T08:02:12,orders-api,/checkout,POST,v1,200,244,INFO,,b5ee46b602c67946a65e9a6f0b2d5f82
2026-09-07T08:02:12,orders-api,/catalog,GET,v1,200,94,INFO,,fdc9603a1b69f5ef0d773e9a89087ffa
2026-09-07T08:02:13,orders-api,/checkout,POST,v1,200,239,INFO,,c4dc9f92b225d50e3dca19c6a85909bb
2026-09-07T08:02:13,orders-api,/checkout,POST,v1,200,304,INFO,,9a7a6c8b78bd21840e7b1fc4427943bf
2026-09-07T08:02:13,orders-api,/login,POST,v1,200,214,INFO,,5ad2595c69c1d2c74461d8b0c926948d
2026-09-07T08:02:14,orders-api,/checkout,POST,v1,200,281,INFO,,f4aac501c380c7dbb343e4be504eda32
2026-09-07T08:02:14,orders-api,/profile,POST,v1,200,136,INFO,,d83eb604ab19c3980dfc402a1706d708
2026-09-07T08:02:14,orders-api,/catalog,GET,v1,200,111,INFO,,764a267e9c0272172f701dbccaaa7688
2026-09-07T08:02:15,orders-api,/profile,POST,v1,200,143,INFO,,c4a285cc03db7688b69724c78981807c
2026-09-07T08:02:15,orders-api,/catalog,GET,v1,200,107,INFO,,53079d863bdb6582de89a1cd2b35568a
2026-09-07T08:02:15,orders-api,/checkout,POST,v1,200,308,INFO,,1664fe1db09206fa2fb39361e505b8b0
2026-09-07T08:02:16,orders-api,/login,POST,v1,200,215,INFO,,b34725f74c933ac883c83c7ae0e21112
2026-09-07T08:02:16,orders-api,/catalog,GET,v1,200,118,INFO,,1b90ad446742f2d6ce0559f46f7ad836
2026-09-07T08:02:16,orders-api,/checkout,POST,v1,200,200,INFO,,b83788564a1f44d6a569b0fb15240525
2026-09-07T08:02:17,orders-api,/checkout,POST,v1,200,252,INFO,,3357d255a660b06b51ad939cc41afab2
2026-09-07T08:02:17,orders-api,/checkout,POST,v1,200,183,INFO,,302c06d001aa81f57535fed9fddc6b66
2026-09-07T08:02:17,orders-api,/profile,POST,v1,200,184,INFO,,8c6fe433cd75860e1096aecf9b3ee100
2026-09-07T08:02:18,orders-api,/profile,POST,v1,200,104,INFO,,f63c6b418ebf27517414d9f6898f4474
2026-09-07T08:02:18,orders-api,/checkout,POST,v1,200,192,INFO,,e59e1fcca22186a9f69e5fcf4f799b56
2026-09-07T08:02:18,orders-api,/checkout,POST,v1,200,311,INFO,,84e907541771d62de3db5ab6759607ff
2026-09-07T08:02:19,orders-api,/login,POST,v1,200,181,INFO,,5cca1f037ee8457424dd43421a950cd0
2026-09-07T08:02:19,orders-api,/catalog,GET,v1,200,101,INFO,,851d19a56d8bb0b7c6620beaca9198af
2026-09-07T08:02:19,orders-api,/catalog,GET,v1,200,147,INFO,,ef443d2134755eb672f85c071e1fc3bc
2026-09-07T08:02:20,orders-api,/catalog,GET,v1,200,107,INFO,,64201dc2036492b98a3d2f1de016a634
2026-09-07T08:02:20,orders-api,/login,POST,v1,200,171,INFO,,9b356ce1f40d46ca435e58a316e69c2d
2026-09-07T08:02:20,orders-api,/profile,POST,v1,200,150,INFO,,7342ee9463f46f2f831beb6ccb572450
2026-09-07T08:02:21,orders-api,/checkout,POST,v1,200,259,INFO,,0906bc04ba52117a4c066a1eef464de4
2026-09-07T08:02:21,orders-api,/profile,POST,v1,200,188,INFO,,2635e300a2f96517e7d89e451fff557a
2026-09-07T08:02:21,orders-api,/checkout,POST,v1,200,279,INFO,,2aa538f48207df66d56b4913549c82ac
2026-09-07T08:02:22,orders-api,/profile,POST,v1,200,111,INFO,,f5879c9ac451cf5363bb7e381c8396ed
2026-09-07T08:02:22,orders-api,/profile,POST,v1,200,131,INFO,,de2c30d05189f1eb4b77b1f259ba57a3
2026-09-07T08:02:22,orders-api,/login,POST,v1,200,140,INFO,,b94b4f2a995dce6c57778b8a36d99745
2026-09-07T08:02:23,orders-api,/catalog,GET,v1,200,99,INFO,,60d898deb294b4f21d93bb2a869f1e7c
2026-09-07T08:02:23,orders-api,/catalog,GET,v1,200,82,INFO,,ffce6117dcff2a7f895bc0c6772493b7
2026-09-07T08:02:23,orders-api,/checkout,POST,v1,200,210,INFO,,b8f2fed630e1df772345e0bd5e1e8b9b
2026-09-07T08:02:24,orders-api,/profile,POST,v1,200,103,INFO,,3666ed3740d60904580752ea79eaf7e0
2026-09-07T08:02:24,orders-api,/profile,POST,v1,200,171,INFO,,bb2b3a1f3c0429b1950305f77059a5bb
2026-09-07T08:02:24,orders-api,/login,POST,v1,200,236,INFO,,fc1d2d559a681a22995da8a6b00b4690
2026-09-07T08:02:25,orders-api,/login,POST,v1,200,182,INFO,,67953d288d0e18f7c67574cf88b0eb07
2026-09-07T08:02:25,orders-api,/checkout,POST,v1,200,213,INFO,,73978ab94d1dbd5f0a73848f472d3321
2026-09-07T08:02:25,orders-api,/profile,POST,v1,200,179,INFO,,cd6f9875039d0fb1d9b908592fdc9457
2026-09-07T08:02:26,orders-api,/catalog,GET,v1,200,105,INFO,,53e9e8d2582c9aa439cdb6159c66ae04
2026-09-07T08:02:26,orders-api,/checkout,POST,v1,200,241,INFO,,8291c997c07a65a5dbf0e5a2f6960cfc
2026-09-07T08:02:26,orders-api,/login,POST,v1,200,246,INFO,,c3e0c33c7850a02ff369b7a822a6733c
2026-09-07T08:02:27,orders-api,/catalog,GET,v1,200,126,INFO,,6837714598650da9391b8ae2094ddbb1
2026-09-07T08:02:27,orders-api,/checkout,POST,v1,200,242,INFO,,bc032330c3b721716a79e06636f7d4a0
2026-09-07T08:02:27,orders-api,/catalog,GET,v1,200,117,INFO,,1435982a1c27785ea36e4edf177a7c48
2026-09-07T08:02:28,orders-api,/login,POST,v1,200,129,INFO,,85b117d836e1829d25676af68da8d420
2026-09-07T08:02:28,orders-api,/catalog,GET,v1,200,168,INFO,,cb0219ff056a28da929c07a344e3409b
2026-09-07T08:02:28,orders-api,/catalog,GET,v1,200,122,INFO,,35a36aaf6269e7a0a29f43a80ef0f228
2026-09-07T08:02:29,orders-api,/login,POST,v1,200,122,INFO,,c324396994a4d1c351bab4fdd0197ebd
2026-09-07T08:02:29,orders-api,/login,POST,v1,200,207,INFO,,b7cf55375b2c1d19709565191742cc7b
2026-09-07T08:02:29,orders-api,/login,POST,v1,200,126,INFO,,1301784e3d268b59932d1bf1493c166f
2026-09-07T08:02:30,orders-api,/catalog,GET,v1,200,95,INFO,,8d16339495d2560742c4b15181f9aa28
2026-09-07T08:02:30,orders-api,/login,POST,v1,200,208,INFO,,ad2d033c722da425518cd7817a40778d
2026-09-07T08:02:30,orders-api,/login,POST,v1,200,184,INFO,,716e97225eb8dbe071b84ba93e5aa88d
2026-09-07T08:02:31,orders-api,/checkout,POST,v1,200,203,INFO,,3e797f4f972dc7588e2e79ae15eae06e
2026-09-07T08:02:31,orders-api,/checkout,POST,v1,200,257,INFO,,00cd2f8aa571a12904db2b37144e5439
2026-09-07T08:02:31,orders-api,/profile,POST,v1,200,127,INFO,,2b9eafb3a9ddb163f681d9a21119788a
2026-09-07T08:02:32,orders-api,/login,POST,v1,200,229,INFO,,c0b10d9218f8bf3309328f9e6a472ba2
2026-09-07T08:02:32,orders-api,/profile,POST,v1,200,113,INFO,,6e7c70bbeac515d9589f075d5509c030
2026-09-07T08:02:32,orders-api,/checkout,POST,v1,200,296,INFO,,ddcb35f86f8e2659325eb6184a1afe69
2026-09-07T08:02:33,orders-api,/profile,POST,v1,200,207,INFO,,44cf09c5f46c436bb8dbd8fd36599133
2026-09-07T08:02:33,orders-api,/catalog,GET,v1,200,163,INFO,,985e07d38fe9ae11c3f641cdd1e09a94
2026-09-07T08:02:33,orders-api,/catalog,GET,v1,200,145,INFO,,66f0e9803df28a8a77de6bcb7f44af21
2026-09-07T08:02:34,orders-api,/checkout,POST,v1,200,309,INFO,,6d3e7386f9b7a95b46da683dc4de0b06
2026-09-07T08:02:34,orders-api,/catalog,GET,v1,200,87,INFO,,b0f889eb3075a3e2be972dc969358287
2026-09-07T08:02:34,orders-api,/login,POST,v1,200,179,INFO,,be066e9504c35ddeadba8334a6950f60
2026-09-07T08:02:35,orders-api,/login,POST,v1,200,241,INFO,,538d50c14ce1daf8607a4cff05b9e278
2026-09-07T08:02:35,orders-api,/checkout,POST,v1,200,216,INFO,,6d972c844134239df0f0baf081ded2f1
2026-09-07T08:02:35,orders-api,/profile,POST,v1,200,108,INFO,,d52514de92da6129843126ce3f0ea527
2026-09-07T08:02:36,orders-api,/login,POST,v1,200,215,INFO,,a39d68d919fe7ed97b2d4164aa58d783
2026-09-07T08:02:36,orders-api,/profile,POST,v1,200,166,INFO,,9e5855f14f650621bd99cca99bb09a22
2026-09-07T08:02:36,orders-api,/login,POST,v1,200,228,INFO,,ab6aeb2e8b844153abbe026438acd985
2026-09-07T08:02:37,orders-api,/checkout,POST,v1,200,266,INFO,,78b35283cbf59084e0ec8ba663910e65
2026-09-07T08:02:37,orders-api,/catalog,GET,v1,200,165,INFO,,0be74896b81232e87e6f751fac218c98
2026-09-07T08:02:37,orders-api,/checkout,POST,v1,200,267,INFO,,743c4cdeade5473308d5a6059636a0ab
2026-09-07T08:02:38,orders-api,/catalog,GET,v1,200,138,INFO,,51b68cf30132d8c7145b9179546020af
2026-09-07T08:02:38,orders-api,/checkout,POST,v1,200,295,INFO,,93317c2506c9d3de8c453fb0ece5528a
2026-09-07T08:02:38,orders-api,/catalog,GET,v1,200,130,INFO,,84cf7a6544458334a0bc605b59039103
2026-09-07T08:02:39,orders-api,/checkout,POST,v1,200,245,INFO,,96056655a323881d8d41ed2b15a3d57b
2026-09-07T08:02:39,orders-api,/profile,POST,v1,200,200,INFO,,f08c1c853f00d0b3cbfd22d668c9583e
2026-09-07T08:02:39,orders-api,/catalog,GET,v1,200,156,INFO,,6f49a0d2f425fc8e4da9339dbc11f1dc
2026-09-07T08:02:40,orders-api,/catalog,GET,v1,200,120,INFO,,ffe62579879fb3f02135c1b51015b36e
2026-09-07T08:02:40,orders-api,/checkout,POST,v1,200,313,INFO,,5a8161f3b8a5c557db3d35f46df9f76a
2026-09-07T08:02:40,orders-api,/checkout,POST,v1,200,181,INFO,,68de6b1f1dbbef2b6b2b32ab4f29878f
2026-09-07T08:02:41,orders-api,/catalog,GET,v1,200,156,INFO,,19f20894b1260fd9bb220a8d2f41b5d9
2026-09-07T08:02:41,orders-api,/login,POST,v1,200,231,INFO,,a9b4cb278de989692df9ed874cead6e0
2026-09-07T08:02:41,orders-api,/catalog,GET,v1,200,98,INFO,,ad81509f2200d573f760f1d49e1f4dfd
2026-09-07T08:02:42,orders-api,/checkout,POST,v1,200,174,INFO,,ac35f724ab52a9a36094b30a1235af9b
2026-09-07T08:02:42,orders-api,/catalog,GET,v1,200,152,INFO,,6d48f6649f5eb96382a6fa8fc5d34032
2026-09-07T08:02:42,orders-api,/catalog,GET,v1,200,87,INFO,,4872982cde1b9323876ff0765914465f
2026-09-07T08:02:43,orders-api,/checkout,POST,v1,200,292,INFO,,15a33c8eafa4178be3cf37d483a990ec
2026-09-07T08:02:43,orders-api,/catalog,GET,v1,200,154,INFO,,7eafb74c1f420b6e6f3118de877fbdc4
2026-09-07T08:02:43,orders-api,/checkout,POST,v1,200,279,INFO,,8970cb478bf0abf8adaa53eaa31e19e3
2026-09-07T08:02:44,orders-api,/catalog,GET,v1,200,111,INFO,,f108dbe589d804a2e7fa52f9f281c229
2026-09-07T08:02:44,orders-api,/profile,POST,v1,200,170,INFO,,e7e0f96b119c347f4856d8cec2061578
2026-09-07T08:02:44,orders-api,/checkout,POST,v1,200,243,INFO,,43566bc6be30d31a479b949f813318d7
2026-09-07T08:02:45,orders-api,/profile,POST,v1,200,113,INFO,,4b2141e5b426f55218e9855c20e6811a
2026-09-07T08:02:45,orders-api,/checkout,POST,v1,200,224,INFO,,0dd6c45fec3d3530f5be252223387d4b
2026-09-07T08:02:45,orders-api,/login,POST,v1,200,245,INFO,,85fca5fadfb495a795a6ca7d8f81f001
2026-09-07T08:02:46,orders-api,/profile,POST,v1,200,169,INFO,,5d1ca03e758ed6370cc211a9dc6b9271
2026-09-07T08:02:46,orders-api,/catalog,GET,v1,200,107,INFO,,a46139a084684f8a0ef3ef45df987cb4
